{"baseline": {"kinds": {"know.author": {"acc": 0.72, "n": 25}, "know.capital": {"acc": 0.8108108108108109, "n": 37}, "know.currency": {"acc": 0.8571428571428571, "n": 21}, "know.element": {"acc": 1.0, "n": 24}, "know.state_capital": {"acc": 0.625, "n": 24}, "reason.arith1": {"acc": 0.48148148148148145, "n": 54}, "reason.arith2": {"acc": 0.05660377358490566, "n": 53}, "reason.hop2": {"acc": 0.7166666666666667, "n": 60}, "reason.openbook": {"acc": 0.9577464788732394, "n": 71}, "reason.order": {"acc": 0.7230769230769231, "n": 65}, "reason.tool": {"acc": 1.0, "n": 57}}, "knowledge_acc": 0.8015267175572519, "reasoning_acc": 0.6777777777777778, "ppl_neutral": 24.625}, "sweep": [{"kinds": {"know.author": {"acc": 0.04, "n": 25}, "know.capital": {"acc": 0.32432432432432434, "n": 37}, "know.currency": {"acc": 0.3333333333333333, "n": 21}, "know.element": {"acc": 0.625, "n": 24}, "know.state_capital": {"acc": 0.16666666666666666, "n": 24}, "reason.arith1": {"acc": 0.7592592592592593, "n": 54}, "reason.arith2": {"acc": 0.20754716981132076, "n": 53}, "reason.hop2": {"acc": 0.5833333333333334, "n": 60}, "reason.openbook": {"acc": 0.8732394366197183, "n": 71}, "reason.order": {"acc": 0.6615384615384615, "n": 65}, "reason.tool": {"acc": 1.0, "n": 57}}, "knowledge_acc": 0.29770992366412213, "reasoning_acc": 0.6916666666666667, "ppl_neutral": 31.125, "config": {"model": "qwen-0.8b", "strategy": "diff", "frac": 0.1, "n_pruned": 8592}}, {"kinds": {"know.author": {"acc": 0.0, "n": 25}, "know.capital": {"acc": 0.24324324324324326, "n": 37}, "know.currency": {"acc": 0.23809523809523808, "n": 21}, "know.element": {"acc": 0.625, "n": 24}, "know.state_capital": {"acc": 0.08333333333333333, "n": 24}, "reason.arith1": {"acc": 0.7407407407407407, "n": 54}, "reason.arith2": {"acc": 0.05660377358490566, "n": 53}, "reason.hop2": {"acc": 0.5833333333333334, "n": 60}, "reason.openbook": {"acc": 0.8028169014084507, "n": 71}, "reason.order": {"acc": 0.4307692307692308, "n": 65}, "reason.tool": {"acc": 1.0, "n": 57}}, "knowledge_acc": 0.2366412213740458, "reasoning_acc": 0.6111111111111112, "ppl_neutral": 47.5, "config": {"model": "qwen-0.8b", "strategy": "diff", "frac": 0.2, "n_pruned": 17184}}, {"kinds": {"know.author": {"acc": 0.0, "n": 25}, "know.capital": {"acc": 0.16216216216216217, "n": 37}, "know.currency": {"acc": 0.047619047619047616, "n": 21}, "know.element": {"acc": 0.5416666666666666, "n": 24}, "know.state_capital": {"acc": 0.08333333333333333, "n": 24}, "reason.arith1": {"acc": 0.6481481481481481, "n": 54}, "reason.arith2": {"acc": 0.16981132075471697, "n": 53}, "reason.hop2": {"acc": 0.48333333333333334, "n": 60}, "reason.openbook": {"acc": 0.7746478873239436, "n": 71}, "reason.order": {"acc": 0.4153846153846154, "n": 65}, "reason.tool": {"acc": 1.0, "n": 57}}, "knowledge_acc": 0.16793893129770993, "reasoning_acc": 0.5888888888888889, "ppl_neutral": 74.5, "config": {"model": "qwen-0.8b", "strategy": "diff", "frac": 0.3, "n_pruned": 25800}}, {"kinds": {"know.author": {"acc": 0.0, "n": 25}, "know.capital": {"acc": 0.05405405405405406, "n": 37}, "know.currency": {"acc": 0.0, "n": 21}, "know.element": {"acc": 0.5416666666666666, "n": 24}, "know.state_capital": {"acc": 0.08333333333333333, "n": 24}, "reason.arith1": {"acc": 0.5185185185185185, "n": 54}, "reason.arith2": {"acc": 0.1320754716981132, "n": 53}, "reason.hop2": {"acc": 0.3, "n": 60}, "reason.openbook": {"acc": 0.6197183098591549, "n": 71}, "reason.order": {"acc": 0.38461538461538464, "n": 65}, "reason.tool": {"acc": 1.0, "n": 57}}, "knowledge_acc": 0.1297709923664122, "reasoning_acc": 0.49722222222222223, "ppl_neutral": 105.0, "config": {"model": "qwen-0.8b", "strategy": "diff", "frac": 0.4, "n_pruned": 34392}}, {"kinds": {"know.author": {"acc": 0.0, "n": 25}, "know.capital": {"acc": 0.0, "n": 37}, "know.currency": {"acc": 0.0, "n": 21}, "know.element": {"acc": 0.4583333333333333, "n": 24}, "know.state_capital": {"acc": 0.0, "n": 24}, "reason.arith1": {"acc": 0.018518518518518517, "n": 54}, "reason.arith2": {"acc": 0.05660377358490566, "n": 53}, "reason.hop2": {"acc": 0.15, "n": 60}, "reason.openbook": {"acc": 0.16901408450704225, "n": 71}, "reason.order": {"acc": 0.4307692307692308, "n": 65}, "reason.tool": {"acc": 0.0, "n": 57}}, "knowledge_acc": 0.08396946564885496, "reasoning_acc": 0.14722222222222223, "ppl_neutral": 74.5, "config": {"model": "qwen-0.8b", "strategy": "diff_noguard", "frac": 0.1, "n_pruned": 8592}}, {"kinds": {"know.author": {"acc": 0.0, "n": 25}, "know.capital": {"acc": 0.0, "n": 37}, "know.currency": {"acc": 0.0, "n": 21}, "know.element": {"acc": 0.0, "n": 24}, "know.state_capital": {"acc": 0.0, "n": 24}, "reason.arith1": {"acc": 0.0, "n": 54}, "reason.arith2": {"acc": 0.018867924528301886, "n": 53}, "reason.hop2": {"acc": 0.016666666666666666, "n": 60}, "reason.openbook": {"acc": 0.0, "n": 71}, "reason.order": {"acc": 0.015384615384615385, "n": 65}, "reason.tool": {"acc": 0.0, "n": 57}}, "knowledge_acc": 0.0, "reasoning_acc": 0.008333333333333333, "ppl_neutral": 144.0, "config": {"model": "qwen-0.8b", "strategy": "diff_noguard", "frac": 0.2, "n_pruned": 17184}}, {"kinds": {"know.author": {"acc": 0.0, "n": 25}, "know.capital": {"acc": 0.0, "n": 37}, "know.currency": {"acc": 0.0, "n": 21}, "know.element": {"acc": 0.0, "n": 24}, "know.state_capital": {"acc": 0.0, "n": 24}, "reason.arith1": {"acc": 0.0, "n": 54}, "reason.arith2": {"acc": 0.0, "n": 53}, "reason.hop2": {"acc": 0.0, "n": 60}, "reason.openbook": {"acc": 0.0, "n": 71}, "reason.order": {"acc": 0.0, "n": 65}, "reason.tool": {"acc": 0.0, "n": 57}}, "knowledge_acc": 0.0, "reasoning_acc": 0.0, "ppl_neutral": 286.0, "config": {"model": "qwen-0.8b", "strategy": "diff_noguard", "frac": 0.3, "n_pruned": 25800}}, {"kinds": {"know.author": {"acc": 0.0, "n": 25}, "know.capital": {"acc": 0.0, "n": 37}, "know.currency": {"acc": 0.0, "n": 21}, "know.element": {"acc": 0.0, "n": 24}, "know.state_capital": {"acc": 0.0, "n": 24}, "reason.arith1": {"acc": 0.018518518518518517, "n": 54}, "reason.arith2": {"acc": 0.018867924528301886, "n": 53}, "reason.hop2": {"acc": 0.0, "n": 60}, "reason.openbook": {"acc": 0.0, "n": 71}, "reason.order": {"acc": 0.03076923076923077, "n": 65}, "reason.tool": {"acc": 0.0, "n": 57}}, "knowledge_acc": 0.0, "reasoning_acc": 0.011111111111111112, "ppl_neutral": 520.0, "config": {"model": "qwen-0.8b", "strategy": "diff_noguard", "frac": 0.4, "n_pruned": 34392}}, {"kinds": {"know.author": {"acc": 0.0, "n": 25}, "know.capital": {"acc": 0.0, "n": 37}, "know.currency": {"acc": 0.0, "n": 21}, "know.element": {"acc": 0.08333333333333333, "n": 24}, "know.state_capital": {"acc": 0.0, "n": 24}, "reason.arith1": {"acc": 0.0, "n": 54}, "reason.arith2": {"acc": 0.0, "n": 53}, "reason.hop2": {"acc": 0.0, "n": 60}, "reason.openbook": {"acc": 0.0, "n": 71}, "reason.order": {"acc": 0.0, "n": 65}, "reason.tool": {"acc": 0.0, "n": 57}}, "knowledge_acc": 0.015267175572519083, "reasoning_acc": 0.0, "ppl_neutral": 486.0, "config": {"model": "qwen-0.8b", "strategy": "know", "frac": 0.1, "n_pruned": 8592}}, {"kinds": {"know.author": {"acc": 0.0, "n": 25}, "know.capital": {"acc": 0.0, "n": 37}, "know.currency": {"acc": 0.0, "n": 21}, "know.element": {"acc": 0.0, "n": 24}, "know.state_capital": {"acc": 0.0, "n": 24}, "reason.arith1": {"acc": 0.0, "n": 54}, "reason.arith2": {"acc": 0.0, "n": 53}, "reason.hop2": {"acc": 0.0, "n": 60}, "reason.openbook": {"acc": 0.0, "n": 71}, "reason.order": {"acc": 0.0, "n": 65}, "reason.tool": {"acc": 0.0, "n": 57}}, "knowledge_acc": 0.0, "reasoning_acc": 0.0, "ppl_neutral": 9152.0, "config": {"model": "qwen-0.8b", "strategy": "know", "frac": 0.2, "n_pruned": 17184}}, {"kinds": {"know.author": {"acc": 0.0, "n": 25}, "know.capital": {"acc": 0.0, "n": 37}, "know.currency": {"acc": 0.0, "n": 21}, "know.element": {"acc": 0.0, "n": 24}, "know.state_capital": {"acc": 0.0, "n": 24}, "reason.arith1": {"acc": 0.0, "n": 54}, "reason.arith2": {"acc": 0.0, "n": 53}, "reason.hop2": {"acc": 0.0, "n": 60},